id,title,url,published_at
4dddda0e-fc90-42b6-b506-326e5ed0c26d,How 411 directory assistance worked in 1978 [video],https://twitter.com/GBHArchives/status/2032204947916263658,2026-03-13 15:43:57
7061540b-fee1-46ed-a754-043b5d460f2a,"An autonomous newspaper run by 18 AI agents, zero humans",https://www.hallucinationherald.com/about,2026-03-13 15:42:45
63889129-b838-4081-a401-9a3f57b3d3f7,Show HN: Gr∞ves – a macOS Apple Music companion for artwork and metadata,https://woodenbrain.com/grooves.html,2026-03-13 15:42:35
0c4bd926-6f04-420c-9cd3-2ea9d421e285,Translocation of bacteria from the gut to the brain in mice,https://journals.plos.org/plosbiology/article?id=10.1371/journal.pbio.3003652,2026-03-13 15:42:27
70c6f713-53ed-4af4-82ea-d781d3d507bc,Show HN: Nixcage – Sandbox AI coding agents per project with Nix and direnv,https://github.com/hamidr/nixcage,2026-03-13 15:42:12
7563c596-7f44-49c9-9ba7-3c64658b42cf,PyroClaw – lightweight local AI assistant (~40MB) for automating tasks,https://www.pyroclawai.com,2026-03-13 15:40:09
9a81aa2a-ef7b-42d1-9c75-0e4f7562b71d,Meta Delays Rollout of New A.I. Model After Performance Concerns,https://www.nytimes.com/2026/03/12/technology/meta-avocado-ai-model-delayed.html,2026-03-13 15:39:59
521955cd-9442-406d-9002-c557d92f19ca,Kubegraf – AI SRE that finds Kubernetes incident root causes in minutes,https://kubegraf.io/,2026-03-13 15:37:24
943d15f8-e357-4407-9268-0da6224eef59,OWASP Vulnerable Web Applications Directory,https://vwad.owasp.org/,2026-03-13 15:36:52
a7e591d9-3f19-4db1-a62a-4ffb453bc0ad,Show HN: Apple Ads Toolkit – Run Your Apple Ads as GitOps Terraform,https://news.ycombinator.com/item?id=47365851,2026-03-13 15:34:00
440155ad-6a9f-4181-8d7c-be0ad2e319b3,How to watch Jensen Huang’s Nvidia GTC 2026 keynote,https://techcrunch.com/2026/03/12/how-to-watch-jensen-huangs-nvidia-gtc-2026-keynote/,2026-03-12 23:25:39
2ba0cffb-f71d-40c6-8be0-6b39f593c54a,Blue-blocked lighting related to better patient outcomes in psychiatric ward,https://www.theguardian.com/science/2026/mar/13/how-the-colour-of-light-could-be-used-to-treat-mental-illness-norway,2026-03-13 15:33:54
5e533420-e040-4d8d-a49d-33680850ba26,Clay Internal Pricing Memo,https://www.clay.com/blog/clay-pricing-memo-internal,2026-03-13 15:33:27
486ce73e-55fc-4d75-83cf-13ecd932d635,'Grief and the AI Split',https://daringfireball.net/linked/2026/03/13/grief-and-the-ai-split,2026-03-13 15:32:54
e282027c-68c1-416a-b632-1dda3ecf2014,'Severe water stress': why desalination plants are the Gulf's greatest weakness,https://www.theguardian.com/world/2026/mar/11/severe-water-stress-why-desalination-plants-are-gulf-greatest-weakness,2026-03-13 15:32:20
e5e1e312-4305-40ed-a3d5-e2bf195db719,"Show HN: Agent wrapped, like Spotify wrapped",https://swarmpack.github.io/landing-page/,2026-03-13 15:29:59
2559c870-4ef2-4d74-af7d-bd685649912a,NASA targets Artemis II crewed moon mission for April 1 launch,https://www.npr.org/2026/03/12/nx-s1-5746128/nasa-artemis-ii-april-launch,2026-03-13 15:29:16
db0c1894-1141-4cf5-9df9-9acebe9307af,"""Taxing the Threat Actors""",https://snowfroc.com/,2026-03-13 15:28:40
87dc2438-5533-4a3f-aec0-6cfaeff54210,Vulnerabilities found in satellite receiver IDC SFX2100,https://www.abdulmhsblog.com/posts/sfx2100-vulns/,2026-03-13 15:28:28
a91cfd42-755f-4136-9de0-92257997d4fa,Ask HN: Should HN update this site guideline?,https://news.ycombinator.com/item?id=47365772,2026-03-13 15:28:13
39911c50-9ac0-4574-8346-7e719657cbb0,FontCraft – create a font from your handwriting directly in the browser,https://fontcraft.app,2026-03-13 15:28:08
42043410-a19b-4170-90ba-d2ac62d4cd4b,Apple drops commission rates in China without a fuss,https://techcrunch.com/2026/03/13/apple-drops-commission-rates-in-china-25-percent/,2026-03-13 15:12:14
36a24327-3433-4ee2-b856-73dabf1b3fc8,The FBI is investigating malware hidden inside games hosted on Steam,https://techcrunch.com/2026/03/13/valve-steam-malware-games-fbi/,2026-03-13 14:55:06
7a2bd837-2299-470f-91c3-62b8be8ee649,"Peacock expands into AI-driven video, mobile-first live sports, and gaming",https://techcrunch.com/2026/03/13/peacock-expands-into-ai-driven-video-mobile-first-live-sports-and-gaming/,2026-03-13 14:00:00
016ae6e7-1c50-42fd-9bde-941d135f56ae,Motional robotaxis join the Uber app in Vegas two years after major reset,https://techcrunch.com/2026/03/13/motional-robotaxis-join-the-uber-app-in-vegas-two-years-after-major-reset/,2026-03-13 13:26:58
da1a7e0c-b62b-4aa0-8ef9-c5f872ba65a8,"Before quantum computing arrives, this startup wants enterprises already running on it",https://techcrunch.com/2026/03/12/before-quantum-computing-arrives-this-startup-wants-enterprises-already-running-on-it/,2026-03-13 05:00:00
7b2932a5-f4c5-4e2b-9975-5995424eb0c3,Truecaller now lets you hang up on scammers — on behalf of your family,https://techcrunch.com/2026/03/12/truecallers-now-lets-you-hang-up-on-scammers-on-behalf-of-your-family/,2026-03-13 04:30:00
29e50257-5204-4291-947e-3b22d394e4a5,"Sales automation startup Rox AI hits $1.2B valuation, sources say",https://techcrunch.com/2026/03/12/sales-automation-startup-rox-ai-hits-1-2b-valuation-sources-say/,2026-03-12 22:25:50
8ed43534-4302-446b-86f8-38c60fb81e9d,Channel Surfer lets you watch YouTube like it’s old-school cable TV,https://techcrunch.com/2026/03/12/channel-surfer-watch-youtube-retro-cable-tv-guide/,2026-03-12 20:27:17
e79ab0d4-9a83-4846-86de-d5c557f8aa06,"Why Rivian is holding the $45,000 base model R2 until ‘late 2027’",https://techcrunch.com/2026/03/12/why-rivian-is-holding-the-45000-base-model-r2-until-late-2027/,2026-03-12 20:24:02
06d35bd4-33d8-4034-aac8-b73a9266c433,Substack launches a built-in recording studio,https://techcrunch.com/2026/03/12/substack-launches-a-built-in-recording-studio/,2026-03-12 18:24:18
ab5e51da-fc6f-4344-8967-7628e81a07c9,Facebook Marketplace now lets Meta AI respond to buyers’ messages,https://techcrunch.com/2026/03/12/facebook-marketplace-now-lets-meta-ai-respond-to-buyers-messages/,2026-03-12 18:20:33
d5184ebc-5f96-4693-b27c-f417aa38ffac,"Tinder tries to lure people back to online dating with IRL events, virtual speed dating",https://techcrunch.com/2026/03/12/tinder-tries-to-lure-people-back-to-online-dating-with-irl-events-virtual-speed-dating/,2026-03-12 18:00:00
5f85898f-c448-4535-acfe-e1c4eea0a56e,Atlassian follows Block’s footsteps and cuts staff in the name of AI,https://techcrunch.com/2026/03/12/atlassian-follows-blocks-footsteps-and-cuts-staff-in-the-name-of-ai/,2026-03-12 17:20:19
73c0fd99-a48c-4871-a6d4-3b21835c8a7a,Lucid Motors shows off robotaxi concept called ‘Lunar’,https://techcrunch.com/2026/03/12/lucid-motors-shows-off-robotaxi-concept-called-lunar/,2026-03-12 17:19:20
e5cad2af-caf4-44b2-a575-4156d4c5e8a1,Humanoid robotics maker Sunday reaches $1.15B valuation to build household robots,https://techcrunch.com/2026/03/12/humanoid-robotics-maker-sunday-reaches-1-15b-valuation-to-build-household-robots/,2026-03-12 17:04:50
6af50a8d-e6c5-43e3-81a4-7ad3d76b2049,Webflow buys AI content-generation platform Vidoso to bolster its marketing suite,https://techcrunch.com/2026/03/12/webflow-buys-ai-content-generation-platform-vidoso-to-bolster-its-marketing-suite/,2026-03-12 17:00:00
7c4fac1d-192a-4acc-b128-6655e7a924d7,"Bumble introduces an AI dating assistant, ‘Bee’",https://techcrunch.com/2026/03/12/bumble-introduces-an-ai-dating-assistant-bee/,2026-03-12 16:52:17
c3321c80-b570-4198-b07a-b970a3e27fb2,Law enforcement shuts down botnet made of tens of thousands of hacked routers,https://techcrunch.com/2026/03/12/law-enforcement-shuts-down-botnet-made-of-tens-of-thousands-of-hacked-routers/,2026-03-12 16:43:49
111d8832-13b0-4f30-a07e-b50fd46a4d1a,A writer is suing Grammarly for turning her and other authors into ‘AI editors’ without consent,https://techcrunch.com/2026/03/12/a-writer-is-suing-grammarly-for-turning-her-and-other-authors-into-ai-editors-without-consent/,2026-03-12 16:42:40
b23d24e0-6398-4d74-b4cb-0fbe78bbd9a9,TUI Studio – visual terminal UI design tool,https://tui.studio/,2026-03-13 10:32:45
dcde2dd6-0080-4931-b7c7-edf5e4b2b2b7,Launch HN: Spine Swarm (YC S23) – AI agents that collaborate on a visual canvas,https://www.getspine.ai/,2026-03-13 13:22:40
958844c3-91da-4e33-8c42-66776f536bfd,I traced $2B in grants and 45 states' lobbying behind age‑verification bills,https://old.reddit.com/r/linux/comments/1rshc1f/i_traced_2_billion_in_nonprofit_grants_and_45/,2026-03-13 10:15:56
4e62db51-dbad-494a-8cd8-04b93b9a0558,Bucketsquatting is (finally) dead,https://onecloudplease.com/blog/bucketsquatting-is-finally-dead,2026-03-13 08:31:33
6b21831a-df15-416a-b7ea-e6886d21fc03,Willingness to look stupid,https://sharif.io/looking-stupid,2026-03-09 10:21:58
a48d9b91-d012-4b18-9471-bc397b37f55a,Monster Is the Machine,https://kirkcenter.org/reviews/monster-is-the-machine/,2026-03-08 18:09:57
fb954e4c-6e66-49e8-a90a-a8d42324d10d,E2E encrypted messaging on Instagram will no longer be supported after 8 May,https://help.instagram.com/491565145294150,2026-03-13 13:03:42
959d39ad-1bcc-47de-85db-5b88a9ff065d,Okmain: How to pick an OK main colour of an image,https://dgroshev.com/blog/okmain/,2026-03-09 14:16:53
8326a1d0-9542-4432-9afc-d9b5e0536e5b,Run NanoClaw in Docker Sandboxes,https://nanoclaw.dev/blog/nanoclaw-docker-sandboxes/,2026-03-13 13:45:32
bcc8ab2c-8e98-4a2f-85f2-4319e3b028e7,Executing programs inside transformers with exponentially faster inference,https://www.percepta.ai/blog/can-llms-be-computers,2026-03-12 09:17:56
fc1d9bc6-3c23-4f62-b308-75cdf9ce53ba,"The Mrs Fractal: Mirror, Rotate, Scale",https://www.4rknova.com//blog/2025/06/22/mrs-fractal,2026-03-09 14:19:50
6d5fd6c3-bfaa-4a87-bfb4-f5f3cddc30a8,Dijkstra's Crisis: The End of Algol and Beginning of Software Engineering (2010) [pdf],https://www.tomandmaria.com/Tom/Writing/DijkstrasCrisis_LeidenDRAFT.pdf,2026-03-09 07:49:49
6e7bc733-5a63-4196-bf0b-b3b92dfe3f3e,"Show HN: What was the world listening to? Music charts, 20 countries (1940–2025)",https://88mph.fm/,2026-03-10 16:18:40
c8566114-af3f-4fac-ad30-33919658d3f2,What we learned from a 22-Day storage bug (and how we fixed it),https://www.mux.com/blog/22-day-storage-bug,2026-03-09 16:34:29
6b4bb9ad-5369-48a4-9b70-f9582024c236,"Ceno, browse the web without internet access",https://ceno.app/en/index.html?,2026-03-13 06:30:58
781f4657-1bbc-4cc0-b495-d2698f1fa249,“This is not the computer for you”,https://samhenri.gold/blog/20260312-this-is-not-the-computer-for-you/,2026-03-13 01:45:49
72926641-3707-4c44-a83a-2c19ae222f37,Parallels Confirms MacBook Neo Can Run Windows in a Virtual Machine,https://www.macrumors.com/2026/03/13/macbook-neo-runs-windows-11-vm/,2026-03-13 14:11:36
ecaf5730-0695-44b5-a5b0-ef94b2a5683c,"ATMs didn’t kill bank teller jobs, but the iPhone did",https://davidoks.blog/p/why-the-atm-didnt-kill-bank-teller,2026-03-12 14:48:57
7d6d4f78-26c7-4510-9e51-2a4aa4a29122,Source code of Swedish e-government services has been leaked,https://darkwebinformer.com/full-source-code-of-swedens-e-government-platform-leaked-from-compromised-cgi-sverige-infrastructure/,2026-03-13 09:45:30
6608d479-f2df-4595-85cf-a5125cc60d90,Gvisor on Raspbian,https://nubificus.co.uk/blog/gvisor-rpi5/,2026-03-13 10:08:54
1fae9ad0-bf69-4a0e-9b77-c95a37b543e8,IMG_0416 (2024),https://ben-mini.com/2024/img-0416,2026-03-09 13:07:45
c13aa552-58d3-4d03-ad7e-7832676755aa,Vite 8.0 Is Out,https://vite.dev/blog/announcing-vite8,2026-03-13 04:36:40
2caea550-4b24-49f8-b3e8-1ad9b3abec3c,An old photo of a large BBS (2022),https://rachelbythebay.com/w/2022/01/26/swcbbs/,2026-03-12 19:41:35
8824a8f4-f278-4ce7-8a05-695b8a3f11f4,Bubble Sorted Amen Break,https://parametricavocado.itch.io/amen-sorting,2026-03-12 17:13:56
cda59b5e-1e89-4b8a-a61a-82201464760c,Enhancing gut-brain communication reversed cognitive decline in aging mice,https://med.stanford.edu/news/all-news/2026/03/gut-brain-cognitive-decline.html,2026-03-12 16:38:51
aa997202-8ca2-4c4f-9618-d949142452ea,Understanding the Go Runtime: The Scheduler,https://internals-for-interns.com/posts/go-runtime-scheduler/,2026-03-09 14:54:31
f8ff0af6-f207-4dc9-8557-5a24f8ac5f62,Shall I implement it? No,https://gist.github.com/bretonium/291f4388e2de89a43b25c135b44e41f0,2026-03-12 21:01:10
5c90ab44-e45f-4251-9ab5-9f88a4584c26,Two long-lost episodes of 'Doctor Who' have been found,https://apnews.com/article/doctor-who-lost-episodes-found-daleks-6849b09faa6eca9377b2a0db45d47ff8,2026-03-13 15:04:41
a4763f37-3be0-4303-b849-96f6a6e09298,The Met releases high-def 3D scans of 140 famous art objects,https://www.openculture.com/2026/03/the-met-releases-high-definition-3d-scans-of-140-famous-art-objects.html,2026-03-12 15:43:39
55afed69-1905-4423-ad4d-90d0ce58263c,Document poisoning in RAG systems: How attackers corrupt AI's sources,https://aminrj.com/posts/rag-document-poisoning/,2026-03-12 13:40:36
73690485-3160-445e-a24d-6dfb2e850c8b,The Boot.dev Beat. March 2026,https://boot.dev/blog/news/bootdev-beat-2026-03/,2026-03-12 00:00:00
3aa789f0-bdbb-41b8-b503-e11fc59414b9,"Python Exceptions: Try, Except, and Raise",https://boot.dev/blog/python/python-exceptions/,2026-03-08 00:00:00
a3f452e1-702d-4f0c-9243-b448bf11ac7e,Python Sets: What They Are and How to Use Them,https://boot.dev/blog/python/python-sets/,2026-03-07 00:00:00
fe5d4f04-dd8c-4703-8f2f-761acb8d56a1,Python Dictionaries: How to Create and Use Them,https://boot.dev/blog/python/python-dictionaries/,2026-03-06 00:00:00
7aa80b9d-9115-4fde-98f5-9e7983e5a4d2,Python Lists: A Complete Beginner Guide,https://boot.dev/blog/python/python-lists/,2026-03-05 00:00:00
a7c2ae0c-9f90-4448-ad12-6e9756f55088,"Python Loops: For, While, Break, and Continue",https://boot.dev/blog/python/python-loops/,2026-03-04 00:00:00
91e4ced8-cf47-41a2-9797-2ccbe211a78b,"Python If Statements: If, Else, and Elif",https://boot.dev/blog/python/python-if-else/,2026-03-03 00:00:00
ea363a00-69d5-4698-9e94-e3b15689278c,Python Math: Operators and Numbers Explained,https://boot.dev/blog/python/python-math/,2026-03-02 00:00:00
b6288a47-5f78-4cc2-9bfe-98be44832b2a,Python Functions: How to Define and Call Them,https://boot.dev/blog/python/python-functions/,2026-03-01 00:00:00
6efcbdf9-fc71-40ca-81e1-058461a0b016,Python Variables: A Complete Beginner Guide,https://boot.dev/blog/python/variables-in-python/,2026-02-28 00:00:00
c68b649c-8820-4469-acf8-3b71234c8500,The Boot.dev Beat. February 2026,https://boot.dev/blog/news/bootdev-beat-2026-02/,2026-02-11 00:00:00
5938f32d-5a21-49cb-a214-860f5a61569b,The Boot.dev Beat. January 2026,https://boot.dev/blog/news/bootdev-beat-2026-01/,2026-01-13 00:00:00
fc6fb64c-bad5-4d5f-bcb0-092dbd8c1734,The Boot.dev Beat. December 2025,https://boot.dev/blog/news/bootdev-beat-2025-12/,2025-12-07 00:00:00
e488dc11-4487-49e3-ba5a-e5247ac54386,Supply and Demand Are Broken in Programming Education,https://boot.dev/blog/jobs/supply-demand-broken-programming-education/,2025-11-24 00:00:00
1f2fa65b-e359-47b9-8c80-1600069de1b4,The Boot.dev Beat. November 2025,https://boot.dev/blog/news/bootdev-beat-2025-11/,2025-10-30 00:00:00
bdc4efac-c115-4781-934b-01f54b48d56a,I'm in Vibe Coding Hell,https://boot.dev/blog/education/vibe-coding-hell/,2025-10-10 00:00:00
eb6fa5c5-b27a-40c4-9252-7b3506df869e,The Boot.dev Beat. October 2025,https://boot.dev/blog/news/bootdev-beat-2025-10/,2025-10-01 00:00:00
df20c7eb-59d8-4e0b-ab1b-86ec4b617265,The Boot.dev Beat. September 2025,https://boot.dev/blog/news/bootdev-beat-2025-09/,2025-09-08 00:00:00
c55af2e8-c874-4b28-b24d-80944d645e65,Boot.dev Launches the Training Grounds,https://boot.dev/blog/news/training-grounds-launch/,2025-08-27 00:00:00
456e9cca-a0f1-433a-a203-d33a1181d658,The Boot.dev Beat. August 2025,https://boot.dev/blog/news/bootdev-beat-2025-08/,2025-08-04 00:00:00
e4fa6c82-8a15-4538-9d17-7953e32ea9f3,2025 Hackathon,https://boot.dev/blog/news/hackathon-2025/,2025-07-25 00:00:00
816b5581-342a-46ff-af98-50c283b38f08,The Boot.dev Beat. July 2025,https://boot.dev/blog/news/bootdev-beat-2025-07/,2025-07-09 00:00:00
74fe2c21-836b-49c0-b8d5-9f71ec102ca3,The Boot.dev Beat. June 2025,https://boot.dev/blog/news/bootdev-beat-2025-06/,2025-06-10 00:00:00
ef8f61d9-1c7e-4b11-b4c2-108a283dd5bc,Are Boot.dev Courses Free?,https://boot.dev/blog/education/is-boot-dev-free/,2025-05-23 00:00:00
9bbbf28a-7ed1-47b8-a71f-8e58f139cdb6,The Boot.dev Beat. May 2025,https://boot.dev/blog/news/bootdev-beat-2025-05/,2025-05-11 00:00:00
30430b30-64bc-41c4-91dd-aeee1bb174e9,The Boot.dev Beat. April 2025,https://boot.dev/blog/news/bootdev-beat-2025-04/,2025-04-27 00:00:00
0799b7d1-782e-4602-b1ae-586cd239c6a2,The Boot.dev Beat. March 2025,https://boot.dev/blog/news/bootdev-beat-2025-03/,2025-03-07 00:00:00
319537b9-8cc1-455d-bcc2-8e2fa72146f3,The Boot.dev Beat. February 2025,https://boot.dev/blog/news/bootdev-beat-2025-02/,2025-02-04 00:00:00
bd21e12e-9853-439b-84a7-95201a0a3bdd,18 Months with GPT-4: Now Can I Fire my Developers?,https://boot.dev/blog/computer-science/18-months-with-gpt-4/,2025-01-17 00:00:00
5cf1ad29-ce68-4fef-9ece-8cf7427d60c8,The Boot.dev Beat. January 2025,https://boot.dev/blog/news/bootdev-beat-2025-01/,2025-01-02 00:00:00
fb219092-88e0-440a-9645-d31eb96626fc,The Boot.dev Beat. December 2024,https://boot.dev/blog/news/bootdev-beat-2024-12/,2024-12-06 00:00:00
7bf4eef0-99ea-431e-a865-f12adc65318f,The Boot.dev Beat. November 2024,https://boot.dev/blog/news/bootdev-beat-2024-11/,2024-11-05 00:00:00
72d4941e-c718-4691-b801-22c11f8153d5,The State of Learning to Code - 2026 Report,https://boot.dev/blog/education/state-of-learning-to-code-2024/,2024-10-21 00:00:00
ce6c9c60-9af5-49de-84a8-bfc9028b3e12,The Boot.dev Beat. October 2024,https://boot.dev/blog/news/bootdev-beat-2024-10/,2024-10-07 00:00:00
cc93041a-95a3-4d8f-8a6b-96201cd39d45,Build a Web Server in Go,https://boot.dev/blog/golang/learn-http-servers-golang-deprecated/,2024-09-23 00:00:00
2b997f22-fa94-4ee8-8c5c-38fbba275433,Build a Blog Aggregator in Go,https://boot.dev/blog/golang/build-blog-aggregator-golang-deprecated/,2024-09-17 00:00:00
114ffb6f-b760-418a-8cd2-0e9405f75841,The Boot.dev Beat. September 2024,https://boot.dev/blog/news/bootdev-beat-2024-09/,2024-09-04 00:00:00
54e01855-3e0f-4646-a6cf-3c0517a8da96,Is there a course on <insert technology>?,https://boot.dev/blog/education/is-there-a-course-on/,2024-07-26 00:00:00
8d1f7258-e533-4783-989c-2b8ed2dd451d,The Boot.dev Beat. August 2024,https://boot.dev/blog/news/bootdev-beat-2024-08/,2024-07-26 00:00:00
3af4c58f-3d6c-42f1-9533-32b9aa9918ca,Are Pointers in Go Faster Than Values?,https://boot.dev/blog/golang/pointers-faster-than-values/,2024-07-19 00:00:00
5cab9ba4-1bc6-4df4-9047-eb9b4c044c71,The Boot.dev Beat. July 2024,https://boot.dev/blog/news/bootdev-beat-2024-07/,2024-07-10 00:00:00
ec31a04a-830d-4894-9f2d-fd0af26e59fc,The Boot.dev Beat. June 2024,https://boot.dev/blog/news/bootdev-beat-2024-06/,2024-06-05 00:00:00
85d5a6a6-e0b7-4dfb-8bf7-231980b135d7,The Boot.dev Beat. May 2024,https://boot.dev/blog/news/bootdev-beat-2024-05/,2024-05-01 00:00:00
3ccd26ee-29d9-4f60-b6a9-ca7db5e20bf5,The Boot.dev Beat. April 2024,https://boot.dev/blog/news/bootdev-beat-2024-04/,2024-04-03 00:00:00
9e612d33-3b5a-4656-9395-664f7c088f11,Maybe You Do Need Kubernetes,https://boot.dev/blog/education/maybe-you-do-need-kubernetes/,2024-03-08 00:00:00
5207b4f8-3d25-4c74-9b06-713f3b963e24,The Boot.dev Beat. March 2024,https://boot.dev/blog/news/bootdev-beat-2024-03/,2024-02-28 00:00:00
da2c629e-f051-4e68-ae8e-557c9919d6a5,The Boot.dev Beat. February 2024,https://boot.dev/blog/news/bootdev-beat-2024-02/,2024-01-31 00:00:00
a946f742-d0bc-4269-83cf-6c6656da96c1,Give Up Sooner,https://boot.dev/blog/misc/give-up-sooner/,2024-01-28 00:00:00
90e0b573-9bd3-405c-84b2-614b1a28ec44,The Boot.dev Beat. January 2024,https://boot.dev/blog/news/bootdev-beat-2024-01/,2024-01-03 00:00:00
46f6a6ae-46aa-4ef4-b9ed-d3bd2a6cd995,Troubleshooting the Boot.dev Code Editor: Common Snags,https://boot.dev/blog/wiki/troubleshoot-code-editor-issues/,2023-12-07 00:00:00
3d5e3396-ac49-436a-8f53-68d07f1c6d08,9 Months with GPT-4: Can I Fire my Developers Yet?,https://boot.dev/blog/computer-science/ai-taking-programming-jobs/,2023-12-03 00:00:00
18e72734-889c-429f-9f48-c4a2f8b72754,The Boot.dev Beat. December 2023,https://boot.dev/blog/news/bootdev-beat-2023-12/,2023-12-01 00:00:00
c32d96bd-e45b-430e-9464-c0860dd70995,You're Not Qualified to Have an Opinion on TDD,https://boot.dev/blog/misc/youre-not-qualified-for-tech-opinions/,2023-11-07 00:00:00
f70da82f-8908-4bf3-ae04-40a3d530c64b,Put that Framework Down Before Someone Gets Hurt,https://boot.dev/blog/backend/put-that-framework-down/,2023-11-06 00:00:00
e1c7e05b-9cc6-4524-9c6f-68f1a250e8c4,The Boot.dev Beat. November 2023,https://boot.dev/blog/news/bootdev-beat-2023-11/,2023-10-30 00:00:00
c571e1ca-0a60-466d-9422-4f9f90ce0823,Queue Data Structure in Python: Ordering at Its Best,https://boot.dev/blog/python/queue-data-structure-python/,2023-10-22 00:00:00
be7f42e8-bcce-4038-be38-63cd4c9f56d9,Can Go Be Used in Web Development?,https://boot.dev/blog/golang/can-go-used-web-development/,2023-10-06 00:00:00
e25afd0a-e9d3-4adf-8bd1-ac7fb1b58835,Understanding Stacks: Python Implementation of a Core Data Structure,https://boot.dev/blog/python/stack-data-structure-python/,2023-10-06 00:00:00
007d47bd-127e-4c2d-9349-39dcaebcecec,The Boot.dev Beat. October 2023,https://boot.dev/blog/news/bootdev-beat-2023-10/,2023-10-01 00:00:00
43bb9120-e9dc-4bbc-bd99-821dcf2e75ec,What Does a Web Developer Earn?,https://boot.dev/blog/jobs/what-does-webdev-earn/,2023-09-13 00:00:00
1266aaa0-0d09-4032-8d94-3cbe2f2d0e06,Learn to Code the Slow Way,https://boot.dev/blog/education/learn-to-code-the-slow-way/,2023-09-10 00:00:00
cfe30bf6-c707-404c-b201-260991db65da,Top 10 Books on Web Development in 2026,https://boot.dev/blog/education/best-web-dev-books/,2023-09-05 00:00:00
4574a91a-56f4-4ac2-8b25-2102251ef6bc,The Boot.dev Beat. September 2023,https://boot.dev/blog/news/bootdev-beat-2023-09/,2023-08-31 00:00:00
3fe3cc03-94cc-4d5d-87f0-86d69f1e9d04,Can I Use Python for Web Development?,https://boot.dev/blog/python/python-for-web-development/,2023-08-14 00:00:00
a0019d7b-800d-4201-9d21-49a8532eabb7,The One Thing I'd Change About Go,https://boot.dev/blog/golang/one-thing-id-change-about-go/,2023-08-12 00:00:00
4dd9e2d4-8a79-4503-b7b4-fe268afeaf38,What is Backend Web Development?,https://boot.dev/blog/backend/what-is-backend-web-development/,2023-08-07 00:00:00
20ffa3c4-704f-4ff4-b413-f75548a24eab,The Boot.dev Beat. August 2023,https://boot.dev/blog/news/bootdev-beat-2023-08/,2023-07-28 00:00:00
af0f9927-3a86-4552-8b55-c266d3667242,The Pros and Cons of Django for Backend Development,https://boot.dev/blog/backend/django-for-backend/,2023-07-17 00:00:00
20e0950d-90e5-4083-89a2-87fe42cccaa4,I Mock Your Mocks,https://boot.dev/blog/backend/writing-good-unit-tests-dont-mock-database-connections/,2023-07-13 00:00:00
d59feeb6-0dee-45b0-8de0-7570ed92406b,The Best Backend for Vue: 6 Options,https://boot.dev/blog/backend/best-backends-for-vue/,2023-07-11 00:00:00
e4bf43cf-36d4-4e17-8aab-fc7c8ad7edff,Frontend? Gross. This is Why I've Always Preferred the Backend,https://boot.dev/blog/backend/why-i-prefer-backend/,2023-07-09 00:00:00
cc381a5e-c1e3-4708-b41f-42c2189c46a9,Build Your First Coding Project and Avoid Tutorial Hell,https://boot.dev/blog/education/building-your-first-coding-project/,2023-07-04 00:00:00
4bf22f89-370f-48f7-aa09-4a6a6b710e26,The Boot.dev Beat. July 2023,https://boot.dev/blog/news/bootdev-beat-2023-07/,2023-06-26 00:00:00
5f6a9a98-2625-48cb-9a84-a4639116cc1e,What’s the Best Backend For React? 5 Options to Choose From,https://boot.dev/blog/backend/backend-for-react/,2023-06-26 00:00:00
f28c041d-f007-4e58-bd16-61a65b8de7e0,"Awww, do I Really Need to Learn X to Get a Job as a Developer?",https://boot.dev/blog/education/do-i-really-need-to-learn-x/,2023-06-24 00:00:00
06cdc02a-3acb-4860-98ef-d2748ffb6864,Boot.dev Team Handbook,https://boot.dev/blog/wiki/team-handbook/,2023-06-12 00:00:00
9c7ea15a-c690-4f5b-9d5b-f386925ee1b4,"Boots, a Wizard Bear that Codes",https://boot.dev/blog/wiki/boots/,2023-06-08 00:00:00
ecfd5723-1567-48e0-82ec-9bddf0f6da7c,The Boot.dev Beat. June 2023,https://boot.dev/blog/news/bootdev-beat-2023-06/,2023-05-31 00:00:00
2abb5082-5950-420e-8a65-294b67598c55,Format on Save in Go with VS Code [2026],https://boot.dev/blog/golang/format-on-save-vs-code-golang/,2023-05-26 00:00:00
f50c5bd7-e25b-4ae7-ad9c-25ca40aa1a00,Programming types and (incorrect) mindsets,https://boot.dev/blog/misc/reacting-to-programming-types-and-mindsets/,2023-05-08 00:00:00
33bdb30c-684e-49e2-a982-f41967baf0b8,12 Codecademy Alternatives That Will Get You Where You Need to Go,https://boot.dev/blog/misc/code-academy-alternatives/,2023-05-04 00:00:00
ed8da277-fa73-4656-b969-c5f5c0fd09f2,The Boot.dev Beat. May 2023,https://boot.dev/blog/news/bootdev-beat-2023-05/,2023-05-03 00:00:00
a6c001a3-800b-454a-876c-256ae8b26ad1,The 28 Best Places to Learn Python Online,https://boot.dev/blog/python/best-places-to-learn-python-online/,2023-04-28 00:00:00
746e4b71-128c-4e2a-8aba-be0c2b688059,C Sharp vs Python: Which Is the Best Programming Language?,https://boot.dev/blog/python/c-sharp-vs-python/,2023-04-27 00:00:00
a3d58ce6-7802-439a-8e0f-367866a82186,JavaScript? Python? Go? Which Tech Stack Should You Learn?,https://boot.dev/blog/education/which-tech-stack-to-learn/,2023-04-24 00:00:00
dbefeeee-1ca2-4e1a-b3e5-5f05fdd46d49,Which is More Important: Hard or Soft Skills for Programmers?,https://boot.dev/blog/jobs/hard-vs-soft-skills-for-programmers/,2023-04-22 00:00:00
882c869a-c51b-41d6-b097-4116b086df58,"As a Developer, What Hardware Do You Truly Need?",https://boot.dev/blog/misc/hardware-for-coding/,2023-04-21 00:00:00
77c84c04-f70d-41d3-98e5-5d28266613e1,Do You Need to Blog to Get a Coding Job?,https://boot.dev/blog/jobs/do-you-need-to-blog/,2023-04-17 00:00:00
b99db757-7082-4864-885b-42a09389d8f3,Matlab vs Python: 6 Key Differences [Updated 2026],https://boot.dev/blog/python/matlab-vs-python/,2023-04-16 00:00:00
517cfffa-98b9-40c6-a91c-67f40ee3719c,The Boot.dev Beat. April 2023,https://boot.dev/blog/news/bootdev-beat-2023-04/,2023-04-06 00:00:00
0279ad89-66bd-4b84-9680-6210b15b1cdd,Is Computer Science Really that Hard?,https://boot.dev/blog/computer-science/is-computer-science-hard/,2023-04-05 00:00:00
f64171c1-c9a1-4b7a-9d63-1a57146de0f8,It's Not About the Job Openings,https://boot.dev/blog/jobs/not-about-job-openings/,2023-03-30 00:00:00
229ceebd-5456-433c-ba04-de576ea4449c,"The More Mentors, The Better (When Learning to Code)",https://boot.dev/blog/news/learn-from-multiple-people/,2022-09-13 00:00:00
134fe6c8-6499-4852-abac-d97e1ad28094,How can I Get a Job as a Python Programmer?,https://boot.dev/blog/jobs/how-to-get-python-job/,2023-03-27 00:00:00
b8948589-c5f5-44d9-aafe-8bd0fcea0674,How to Get a Job as a Golang Developer,https://boot.dev/blog/jobs/how-to-get-golang-job/,2023-03-20 00:00:00
2ce9d8db-1eb8-4053-8c58-e4b3ee5c484d,Introduction to Asynchronous Flows and Webhooks,https://boot.dev/blog/backend/asynchronous-flows-and-webhooks/,2023-03-09 00:00:00
4166b737-fb8e-4ba5-9c8d-5ce93acf7db9,"Introducing Boots, the Artificially Intelligent Bear that Explains Code",https://boot.dev/blog/news/introducing-boots-ai-code-explainer/,2023-03-06 00:00:00
b28c9286-51ab-4f6e-a806-33e9b1d313d5,Do Backend Developers Need to Know SQL?,https://boot.dev/blog/backend/do-backend-devs-need-sql/,2023-03-02 00:00:00
16bac395-d7e2-4a9b-b121-d34d48dc7b64,Boot.dev Beat. February 2023,https://boot.dev/blog/news/bootdev-beat-2023-02/,2023-03-01 00:00:00
e7edf08b-ddb7-4c9b-9201-ca736feb2d6e,How to Become a Golang Engineer (on the Back-End),https://boot.dev/blog/golang/become-golang-backend-dev/,2023-02-23 00:00:00
9c4b709c-e06b-47b6-9280-fdc9cc0950e7,Want to Become a Python Back-end Developer? Start Here.,https://boot.dev/blog/python/learn-python-backend/,2023-02-17 00:00:00
eff00808-7867-4a35-a1be-08c86920c8c0,What is in a Back-End Developer's Job Description?,https://boot.dev/blog/backend/backend-job-description/,2023-02-10 00:00:00
a866d762-659b-4f16-b577-e898fa60041a,"Your Architecture is Bad, So Make It Easy to Change",https://boot.dev/blog/backend/make-architecture-easy-to-change/,2023-02-10 00:00:00
c3249c86-b79a-4c63-8fc2-858b3cfed891,Boot.dev Beat. January 2023,https://boot.dev/blog/news/bootdev-beat-jan-2023/,2023-02-01 00:00:00
5582cc30-e560-4560-bc42-ff6d973368c2,5 Critical Differences Between DevOps and SRE Jobs,https://boot.dev/blog/devops/devops-vs-sre/,2023-01-30 00:00:00
8e0ff263-3110-4ade-85f0-8134b19117f1,How does HTTPS encryption work?,https://boot.dev/blog/backend/how-does-https-work/,2023-01-26 00:00:00
e8a69012-4b10-4686-9041-39bc4255ded5,Cryptography Course Released on Boot.dev,https://boot.dev/blog/news/learn-cryptography-course-released/,2023-01-24 00:00:00
8aaf7af7-8850-4eed-b850-dfdff2e5743c,4 Key Differences Between DevOps and DevSecOps,https://boot.dev/blog/devops/devops-vs-devsecops/,2023-01-23 00:00:00
03ffecbe-809c-432b-82f0-e9f6222167fb,6 Differences Between DevOps and Cloud Engineers,https://boot.dev/blog/devops/devops-vs-cloud-engineers/,2023-01-18 00:00:00
554de3f3-66ed-44c5-952c-5585aa0e499d,Are You a DevOps Engineer If You Aren't Writing Code?,https://boot.dev/blog/devops/devops-engineers-should-code/,2022-09-12 00:00:00
c41211f1-fa01-4109-96a1-60485da05bef,"I Didn't Explain Clearly, but Still Don't Learn Frameworks First",https://boot.dev/blog/backend/wrong-about-abstractions/,2023-01-17 00:00:00
97c8ca49-7fbe-443d-a2bc-90f7f10b48d0,"If You're Learning Back-end, Don't Start with Frameworks",https://boot.dev/blog/backend/dont-start-with-frameworks/,2023-01-16 00:00:00
ee453cf3-961a-45fa-b36e-b7606847aa92,Boot.dev Beat. December 2022,https://boot.dev/blog/news/bootdev-beat-dec-2022/,2023-01-06 00:00:00
6056bded-e1bd-4530-a25b-15e961d5f2cc,Is Golang Best For Backend or Frontend Development?,https://boot.dev/blog/golang/golang-frontend-or-backend/,2022-12-19 00:00:00
3867bba8-6578-4bb4-842c-a056b27a3b0e,What do Frontend and Backend Development Mean?,https://boot.dev/blog/backend/frontend-vs-backend-meaning/,2022-12-13 00:00:00
99575a81-d611-450d-ac81-0863c6f2ccfc,Snake Case or Camel Case? A Guide to Programming Naming Conventions,https://boot.dev/blog/computer-science/casings-in-coding/,2022-12-09 00:00:00
220b0a05-cca7-4484-a6e9-4e03b7e1749d,What is Backend-as-a-Service?,https://boot.dev/blog/backend/backend-as-a-service/,2022-12-05 00:00:00
02e491b9-faa6-4f21-8866-5fb0e14de065,Boot.dev Beat. November 2022,https://boot.dev/blog/news/bootdev-beat-november-2022/,2022-11-30 00:00:00
c6371539-86c6-4848-b262-10b9d210e725,The Top 22 Backend Technologies to Learn in 2026,https://boot.dev/blog/backend/top-backend-technologies/,2022-11-16 00:00:00
ac24e56f-71b5-42e5-97ee-3941ccf0c1ba,Add Libraries and Packages to Your Coding Portfolio,https://boot.dev/blog/jobs/libraries-and-packages-in-coding-portfolio/,2022-11-13 00:00:00
44c0a085-dfcb-4247-9f9e-514e02b5add8,How to Round a Float in Go,https://boot.dev/blog/golang/round-float-golang/,2022-11-13 00:00:00
33aaa35d-a521-4b35-80aa-7e63ab4613be,What do Tech Layoffs Mean for Budding Developers?,https://boot.dev/blog/news/tech-layoffs-for-new-devs/,2022-11-11 00:00:00
ec2b940b-9ed5-4cb5-aa34-9fe2f5bed82f,The 8 Top Back-end Programming Languages for 2026,https://boot.dev/blog/backend/best-backend-programming-languages/,2022-11-10 00:00:00
93c8c294-71fe-447d-88de-94fffa0fbfad,What is a DevOps Engineer's Salary?,https://boot.dev/blog/devops/devops-salary/,2022-11-01 00:00:00
118582bc-ec0c-41d0-a8f7-340fba12bede,Boot.dev Beat: October 2022 Edition,https://boot.dev/blog/news/bootdev-beat-october-2022/,2022-10-31 00:00:00
eaa290f4-e846-4114-91bb-40ff272ae5a8,How Much Do Backend Developers Make?,https://boot.dev/blog/backend/how-much-do-backend-devs-make/,2022-10-25 00:00:00
360498db-b0b6-4eae-94c7-05c912142b40,Trends in Developer Jobs: A Meta Analysis of Stack Overflow Surveys,https://boot.dev/blog/jobs/trends-in-developer-jobs-stackoverflow/,2022-10-24 00:00:00
686c93ac-083d-448c-845c-329974b362da,Makefiles to improve your life,https://boot.dev/blog/misc/makefiles-to-improve-your-life/,2022-10-19 00:00:00
713b3dda-03a6-4ec6-aab2-974afca3e0ab,The 6 Best Backend Project Ideas for Beginners,https://boot.dev/blog/backend/best-backend-projects/,2022-10-19 00:00:00
06b743c7-866f-4919-ae18-b17fc9924bbc,All the Kinds of Functions in Python,https://boot.dev/blog/python/a-guide-to-all-the-types-of-functions-in-python/,2022-10-13 00:00:00
6316aeb7-3885-495a-a2a2-8037c790b311,Should You Learn Front-end or Back-end Development First?,https://boot.dev/blog/backend/learn-frontend-or-backend-first/,2022-10-13 00:00:00
682aef2f-6205-4d60-a6c6-2a05fc969b52,The 7 Best Backend Bootcamps of 2026,https://boot.dev/blog/backend/best-backend-bootcamps/,2022-10-11 00:00:00
4b99946c-e965-4b12-a5b4-e3e9b42c6ec7,Full-Stack Ops: Back-end and DevOps Roles are Merging,https://boot.dev/blog/devops/backend-devops-roles-merging/,2022-10-10 00:00:00
0c2ae81d-14bd-4772-96d6-38a6cbd8c23d,CI/CD Isn't Just About Efficiency,https://boot.dev/blog/devops/cicd-is-devx/,2022-09-26 00:00:00
f2f0c872-aaaf-4a8d-8c3c-c4e7e3a77c36,Backend Engineer vs Data Engineer: What's the Difference?,https://boot.dev/blog/backend/backend-engineer-vs-data-engineer/,2022-09-21 00:00:00
558e45f2-e617-464b-8c45-bdaec8299266,Do Better in Coding Interviews by Being Confident and Humble,https://boot.dev/blog/jobs/confidence-in-job-interviews/,2022-09-20 00:00:00
fae3baae-f8c4-4367-8447-232be88ee4ff,New 'Learn SQL' Course Launched on Boot.dev,https://boot.dev/blog/news/learn-sql-course-released/,2022-09-19 00:00:00
5c6dffa8-9f72-46b7-b2a7-f0653bb073fd,JavaScript vs TypeScript: What's the Difference?,https://boot.dev/blog/javascript/javascript-vs-typescript/,2021-09-06 00:00:00
216ff0fc-3400-4508-85a0-2ca0e02339fc,"What is a Computer Scientist, and What Do They Do?",https://boot.dev/blog/jobs/what-do-computer-scientists-do/,2022-09-12 00:00:00
97e3c454-0078-4d7f-88b0-2b1b7e0bf54f,How Long Does It Take to Become a Back End Developer?,https://boot.dev/blog/backend/how-long-to-become-backend-dev/,2022-09-05 00:00:00
e946fbe9-ce62-42aa-863f-57b9f88c81a0,Keyup and Keydown Event Handlers in Vue 3,https://boot.dev/blog/vue/vue-key-events/,2022-09-04 00:00:00
2e463642-8a47-4cd5-8a76-ef0fd8af5c6b,"Boot.dev Hackathon September 1st, 2022",https://boot.dev/blog/news/hackathon-sept-2022/,2022-09-03 00:00:00
891f84ae-7e71-4942-a3d4-e54762f6a0fb,Write on the Boot.dev Blog,https://boot.dev/blog/misc/writing-on-bootdev/,2022-09-02 00:00:00
ca92c0d6-2564-452f-8122-ef4a576206e4,The Top 11 Computer Science Books for Self Study [2026],https://boot.dev/blog/computer-science/computer-science-books/,2022-08-24 00:00:00
804e5882-96a4-4f80-9a43-614a0c266607,A Complete Overview of Computer Science for Beginners,https://boot.dev/blog/computer-science/computer-science-for-beginners/,2022-08-21 00:00:00
b8d05012-ede3-4137-bb3f-788287102b29,What is the Future of Computer Science?,https://boot.dev/blog/computer-science/future-of-computer-science/,2022-08-16 00:00:00
33de5e9d-8d44-4984-9778-e55c91b50004,How to Use the Best Software Engineering Job Boards,https://boot.dev/blog/jobs/best-job-boards-software-engineers/,2022-08-05 00:00:00
296a30d1-61d8-4ddc-9113-1251b91e16b5,What Are the Career Options in Computer Science?,https://boot.dev/blog/jobs/whats-the-job-outlook-for-computer-science-students/,2022-08-01 00:00:00
853018b0-46df-487e-9184-ebb3766b9bc5,Using GitHub Issues to Hack Together A Feedback System,https://boot.dev/blog/misc/github-issues-for-customers/,2022-07-31 00:00:00
6f9253c2-83bf-4248-8372-f02e7cb69a58,Learn Backend Development: Complete Path for Beginners [2026],https://boot.dev/blog/backend/become-backend-developer/,2022-07-24 00:00:00
ea1cc7e8-0b9e-42cc-a880-cc887bb12e52,6 Pros and Cons of Online Coding Bootcamps,https://boot.dev/blog/jobs/pros-and-cons-of-online-coding-bootcamp/,2022-07-18 00:00:00
f41dcb1d-7032-4c69-b75b-73a0d916bbb6,R vs Python: Which Is Best for Data?,https://boot.dev/blog/python/r-vs-python/,2021-08-25 00:00:00
e10a01ff-a770-4391-9efd-756d586a3cdc,How to Do a Coding Bootcamp Part-Time,https://boot.dev/blog/education/part-time-coding-bootcamp/,2022-07-12 00:00:00
7b5c5336-41e0-4fc1-b0c8-90b167c3e6f7,The 12 Most Engaging Resources for Learning Python,https://boot.dev/blog/python/best-python-resources/,2022-06-24 00:00:00
1d75a60b-a5f5-4c32-951e-fb6e2e732663,Why We Force You to Learn Multiple Programming Languages,https://boot.dev/blog/education/learn-multiple-programming-languages/,2022-06-13 00:00:00
916ff565-d3e8-4647-8a6c-c142d5c07f40,What Would a Recession Mean For Developers?,https://boot.dev/blog/news/what-would-a-recession-do-to-developers/,2022-05-26 00:00:00
b23624df-b444-45e4-9218-eb852718232a,How much do coding bootcamps cost?,https://boot.dev/blog/education/cost-of-coding-bootcamp/,2022-05-24 00:00:00
5b8d885c-4c13-439e-aed0-e4b8e9132d0c,The Top 8 Online Coding Bootcamps for 2026,https://boot.dev/blog/education/top-online-bootcamps/,2022-05-21 00:00:00
793b5517-3c4a-4b79-8093-8938988f93db,How Not to Ask for Help Online,https://boot.dev/blog/misc/getting-help-online/,2022-05-20 00:00:00
bbc07db2-db66-4e04-af48-3bb89316e1f5,6 Undeniable Reasons to Learn Computer Science,https://boot.dev/blog/computer-science/why-learn-computer-science/,2022-05-10 00:00:00
c0ddc0a8-6977-4c34-ba1a-ef6346d2660f,The Problem with Education is a Problem of Incentives,https://boot.dev/blog/education/problem-of-incentives-in-education/,2022-05-10 00:00:00
a970817e-14dc-4789-b370-91bb0a2cd328,We Just Launched Community Insights,https://boot.dev/blog/news/insights-launch/,2022-04-27 00:00:00
6e431c49-2fa8-4f51-9a41-9f056da5aa32,An Overview of Boot.dev's Full-Stack Architecture,https://boot.dev/blog/misc/qvault-full-stack-architecture-example/,2022-01-10 00:00:00
6a7ed322-dc78-414c-b85a-a51eba81c456,Top 10 Communities For Learning to Code,https://boot.dev/blog/misc/best-coding-communities/,2022-04-20 00:00:00
ae8250fd-4ce7-4ea9-9bc1-a7ecc18de20a,Qvault is moving to Boot.dev,https://boot.dev/blog/news/qvault-moves-to-bootdev/,2022-04-07 00:00:00
883f392e-a0dd-47a0-9eea-77b9619cc608,How to Build the Best GitHub Profile for Your Job Search,https://boot.dev/blog/jobs/build-github-profile/,2022-03-04 00:00:00
f67618f4-35ff-49aa-9103-0d84c0ac860d,"8 Best Ways to Learn JavaScript, Personalized",https://boot.dev/blog/javascript/best-ways-to-learn-javascript/,2022-02-05 00:00:00
a081dd5f-15fb-4a66-969c-54d70ebaa065,How Long Does It Take To Learn JavaScript? (& How To Learn Fast),https://boot.dev/blog/javascript/how-to-learn-javascript-fast/,2022-02-05 00:00:00
f6a238b9-011c-490e-8726-1c97470b7220,Julia vs Python: Which is Best to Learn First?,https://boot.dev/blog/python/python-vs-julia/,2022-02-05 00:00:00
68417f83-cae6-4cdc-9157-fd04cdbda41a,The 7 Best Ways to Learn Golang and Find Your Inner Gopher,https://boot.dev/blog/golang/best-ways-to-learn-golang/,2022-02-05 00:00:00
6f04fde0-8338-4b49-bf44-2cb820cc53a2,Top 4 Practical Uses of JavaScript,https://boot.dev/blog/javascript/what-is-javascript-used-for/,2022-01-30 00:00:00
7a773c08-7dbb-4568-96f2-89ddaf380ecd,How Hard Is Python to Learn?,https://boot.dev/blog/python/how-hard-is-python-to-learn/,2022-01-24 00:00:00
20d99300-007f-40a0-abc6-e28e8bda9f53,JavaScript vs C++: 3 Factors To Choose Which Is Best For You,https://boot.dev/blog/javascript/javascript-vs-c-plus-plus/,2022-01-22 00:00:00
81d42b29-4f45-427b-9909-60264577fd56,"Qvault Hackathon Kickoff Jan 17th, 2022",https://boot.dev/blog/news/qvault-hackathon-kickoff-jan-17th-2022/,2022-01-16 00:00:00
b0dc725a-ad07-4c12-a458-6b8b1a8d71fa,7 Best Practices for Every Python Developer,https://boot.dev/blog/python/python-best-practices/,2022-01-04 00:00:00
679370b2-aedc-4722-8c90-82c4979a6e3c,"Python Assert Statement, How to Test a Condition",https://boot.dev/blog/python/python-assert/,2021-12-13 00:00:00
97f2605f-dfa8-4cb5-9159-064aa868480a,Complete Guide to Removing Elements From Lists in Python,https://boot.dev/blog/python/remove-element-from-python-list/,2021-12-09 00:00:00
30f912ef-6b16-4a80-b7dd-5f195b73654a,How to Use the Ternary Operator in Python,https://boot.dev/blog/python/ternary-operator-python/,2021-12-09 00:00:00
94cfcf48-d894-46b1-b49b-9c539ddf6472,Removing Duplicates From a List in Python,https://boot.dev/blog/python/remove-duplicates-from-list-python/,2021-12-09 00:00:00
90920ea9-0ae3-4a15-98e5-7aba6c2c9cec,How to Check if a File Exists in Python,https://boot.dev/blog/python/file-exists-python/,2021-12-08 00:00:00
f336d231-83fd-464d-9ead-db08af9dc8f5,How to Use Golang's Generics [Updated since 1.18],https://boot.dev/blog/golang/how-to-use-golangs-generics/,2021-12-06 00:00:00
75e07a5c-dc3c-479d-a176-94274d7e770f,Your Code isn't Correct,https://boot.dev/blog/computer-science/your-code-isnt-correct/,2021-11-29 00:00:00
ab7ed8e3-576d-439f-ad4d-b61581f29ed2,Coding Interviews - Why you shouldn't give homework,https://boot.dev/blog/jobs/coding-interviews-why-you-shouldnt-give-homework/,2021-11-18 00:00:00
3a5f25ea-c3b3-4e76-b7ac-51ae902e15bb,Python vs C++: The Best Language To Learn For You,https://boot.dev/blog/python/python-vs-c-the-best-language-to-learn-for-you/,2021-11-17 00:00:00
f1342494-0649-4291-9fbd-0e6c9ef442d3,PHP vs JavaScript: Which is Best for Web Development?,https://boot.dev/blog/javascript/php-vs-javascript/,2021-11-10 00:00:00
c66f01c7-699d-4093-be23-689079064d59,Node.js vs JavaScript: The Low-Down,https://boot.dev/blog/javascript/nodejs-vs-javascript/,2021-11-09 00:00:00
bac8ade6-6e96-488a-a805-104fde56b40d,Python vs PHP: 9 Critical Differences Examined,https://boot.dev/blog/python/python-versus-php/,2021-11-05 00:00:00
eb61858c-0f94-46a0-ae11-2597048dc0ed,Ruby vs JavaScript: Which Language Should You Learn First?,https://boot.dev/blog/javascript/ruby-vs-javascript-which-language-should-you-learn-first/,2021-11-05 00:00:00
78162b8e-4298-4315-a6a1-9d77957e361e,The Best Product Managers Have The Worst Ideas,https://boot.dev/blog/misc/the-best-product-managers-have-terrible-ideas/,2021-11-02 00:00:00
2beb4c13-0e12-4c72-b06d-5999c08157c7,Ruby vs Python: 10 Questions to Ask Before You Choose,https://boot.dev/blog/python/ruby-vs-python/,2021-10-25 00:00:00
b62128b1-0b7e-4beb-8f42-481acef90e31,The 7 Best Ways to Learn Python,https://boot.dev/blog/python/best-ways-to-learn-python/,2021-10-12 00:00:00
2c4cd174-afcc-4ccd-bf73-8c8d2e4ae552,19 Simple JavaScript Projects for Beginners [Updated for 2026],https://boot.dev/blog/javascript/javascript-projects-for-beginners/,2021-10-08 00:00:00
965adb57-deec-45e2-9f8a-35da443525b2,C# vs JavaScript: Choosing the Best Language for You,https://boot.dev/blog/javascript/c-sharp-vs-javascript/,2021-10-07 00:00:00
40f03db8-9f73-44bc-b71b-d16e064b52c5,17 Fascinating Python Projects for Beginners,https://boot.dev/blog/python/python-projects-for-beginners/,2021-10-06 00:00:00
f86a0dce-c195-49b4-81a8-7a130f1d7f5c,Four-Course Python Data Structures and Algorithms Track Released,https://boot.dev/blog/news/python-track-announcement/,2021-10-04 00:00:00
3fe0c21f-6267-4a8d-bd12-2cf929402317,HTML vs CSS vs JavaScript Explained,https://boot.dev/blog/javascript/html-css-javascript/,2021-09-27 00:00:00
55357647-e789-4b43-805e-66bc5e08f8d5,"Well, We Might Have a Video Call for That!",https://boot.dev/blog/misc/well-we-might-have-a-video-call-for-that/,2021-09-27 00:00:00
7c2f6b1c-b05c-4b64-b3b7-6ff177721f2c,Node.js vs Golang: Compared Over 6 Key Areas,https://boot.dev/blog/golang/node-js-vs-go/,2021-09-23 00:00:00
4d06a4ca-d438-4b9b-a976-a8c89e416390,Go vs C#: Compared Over 5 Key Areas,https://boot.dev/blog/golang/go-vs-c-sharp/,2021-09-22 00:00:00
480b7be7-8dfe-4b35-a878-f064ad9d5f23,"Rust vs Python in Data Science, Systems Development & More",https://boot.dev/blog/python/rust-vs-python/,2021-09-15 00:00:00
fad23b04-0d84-4b14-b59b-fbd0971efc67,9 Outstanding Reasons to Learn Python for Finance,https://boot.dev/blog/python/learn-python-for-finance/,2021-09-14 00:00:00
78f6ff85-f5b0-4dfe-9a0e-7caa0c0a1ce5,"Python vs Java: Performance, Salary & More Compared",https://boot.dev/blog/python/python-vs-java/,2021-09-10 00:00:00
70339603-5d89-4a7b-8f51-e396f6fe4fc5,Why Learn Python? 9 Key Reasons,https://boot.dev/blog/python/why-learn-python/,2021-09-09 00:00:00
a7377a97-9e96-43ae-a0b5-fa8c29a33931,What is Cryptography? A Complete Overview,https://boot.dev/blog/security/what-is-cryptography/,2021-09-08 00:00:00
08f89930-7e4e-4ab7-b049-2113f75dcb16,Python vs JavaScript: What's the Difference and Which Should You Learn?,https://boot.dev/blog/python/python-vs-javascript/,2021-08-24 00:00:00
9d19e310-72b4-43b7-97c7-e2816d992322,10 Compelling Reasons to Learn Python for Data Science,https://boot.dev/blog/python/python-for-data-science/,2021-08-19 00:00:00
554edcf0-6a71-4bd9-917f-c62fc530f19d,Scala vs Go: Comparing Everything You Need to Know,https://boot.dev/blog/golang/scala-vs-go/,2021-08-18 00:00:00
ddf3dcb1-e3bb-4284-8ab1-d50cffa71d03,"Death, Taxes, and Database Migrations",https://boot.dev/blog/backend/death-taxes-and-database-migrations/,2021-08-17 00:00:00
304d24c8-f47f-4d1e-a5a2-32cb19592ae5,Golang vs Java: 6 Key Comparisons,https://boot.dev/blog/golang/golang-vs-java-go/,2021-08-04 00:00:00
2cab3950-c565-4f5f-9989-a92f0e4d8bc2,Top 20 Entry-Level JavaScript Interview Questions,https://boot.dev/blog/javascript/javascript-interview-questions-entry-level/,2021-07-29 00:00:00
cc429e97-9c0f-428e-8944-d281650f8f9e,Our Learn Python Course Has Released,https://boot.dev/blog/news/python-fundamentals-course-announcement/,2021-07-27 00:00:00
15bb7eaa-ff9a-48e2-bac8-f1a3c330d211,"What are UUIDs, and are they better than regular IDs?",https://boot.dev/blog/backend/what-are-uuids-and-should-you-use-them/,2021-07-23 00:00:00
928472e3-04b8-41d0-b19d-2e6ddd744e1a,What is Go Good For? (And What Is Golang Used For?),https://boot.dev/blog/golang/what-is-go-good-for-golang/,2021-07-16 00:00:00
ddd28c8f-e66f-4bb9-b2a6-1418717c99af,Golang vs C++: Which is Best For Your Next Project,https://boot.dev/blog/golang/go-vs-c-plus-plus-golang/,2021-07-12 00:00:00
5b45c58b-d2cd-494c-b2b5-99db4bbb5466,Beautiful Language and Beautiful Code,https://boot.dev/blog/computer-science/beautiful-language-and-beautiful-code/,2021-06-30 00:00:00
48431bba-3e53-4cab-ac91-6506e625f5cb,Intro to the One-Time Pad Cipher,https://boot.dev/blog/computer-science/one-time-pad-cipher/,2021-06-28 00:00:00
0bdc8cfb-dd47-4007-81f3-d5d877460f5d,16 Great Coding Challenges You Can Try Out,https://boot.dev/blog/misc/best-coding-challenges/,2021-06-24 00:00:00
cca764d6-0459-413e-93d2-cb939e6955a7,Building a Red-Black Binary Tree in Python,https://boot.dev/blog/python/red-black-tree-python/,2021-06-21 00:00:00
b2a45a58-c1a5-4926-abdf-3e7634725aef,Quick Sort in Golang,https://boot.dev/blog/golang/quick-sort-golang/,2021-06-17 00:00:00
33fd56b8-0e52-46a8-a05c-301d026a4bd2,How to Write Insertion Sort in Go,https://boot.dev/blog/golang/insertion-sort-golang/,2021-06-14 00:00:00
00e99bd7-7378-49c6-a24a-9c6032dd2f87,Merge Sort in Golang with Examples,https://boot.dev/blog/golang/merge-sort-golang/,2021-06-10 00:00:00
2abdc59d-1961-44d5-b63e-e86060a1db95,Writing Bubble Sort in Go from Scratch,https://boot.dev/blog/golang/bubble-sort-golang/,2021-06-08 00:00:00
6e7596e8-31fd-4964-925b-13539bf21d68,Check for Standards Before Creating a New One,https://boot.dev/blog/computer-science/use-existing-standards/,2021-06-07 00:00:00
8a47b65b-0757-4473-b682-3ca379e420cb,How to Properly Use Defer in Golang,https://boot.dev/blog/golang/defer-golang/,2021-06-01 00:00:00
2c89e8ba-2997-4906-9305-ef1b3c3d6c98,7 Critical Reasons Beginner Programmers Should Learn JavaScript in 2026,https://boot.dev/blog/javascript/why-learn-javascript/,2021-05-25 00:00:00
b93f0566-db73-48eb-a7d1-bbb977a73d31,Comprehensive Guide to Dates and Times in Go,https://boot.dev/blog/golang/golang-date-time/,2021-05-17 00:00:00
b6dde871-0242-4ced-bb4a-e1012debcfdd,The 10x Meeting - Solving for Too Many Meetings,https://boot.dev/blog/misc/too-many-meetings/,2021-05-10 00:00:00
caa64562-9b80-4219-a730-a0d8fcc10c46,Concatenating with strings.Builder Quickly in Golang,https://boot.dev/blog/golang/strings-builder-concatenation-golang/,2021-05-04 00:00:00
38763c9f-639b-4853-89e2-682c5d3380cd,Golang vs Python: Which Language is Best For You?,https://boot.dev/blog/golang/golang-vs-python/,2021-04-29 00:00:00
2f0dd3ad-4e95-4c32-b8c5-259f4a434dec,The Ultimate Guide to JSON in Go,https://boot.dev/blog/golang/json-golang/,2021-04-28 00:00:00
c641acde-7aaa-4c97-ba4d-6cb64386ab54,Migrating From Vue-CLI & Webpack to Vitejs,https://boot.dev/blog/vue/migrating-vue-webpack-to-vitejs/,2021-04-26 00:00:00
91b031e0-327d-441f-a63f-5f5330b67ec4,How Replace a String in Go - Top 5 Examples,https://boot.dev/blog/golang/replace-strings-golang/,2021-04-20 00:00:00
2c0a3140-8d00-434d-88fc-3dc94fee0abc,How and Why to Write Enums in Go,https://boot.dev/blog/golang/golang-enum/,2021-04-19 00:00:00
ce4eb8cf-c54e-42d0-84f7-17a42160acb2,Splitting a String into a Slice in Golang,https://boot.dev/blog/golang/split-strings-golang/,2021-04-15 00:00:00
c8fc0657-a33b-473f-8ec0-01439b4d3a0e,Backend Developers are UX Designers Too,https://boot.dev/blog/backend/backend-ux-design/,2021-04-12 00:00:00
a518644a-d17f-4a85-a4cc-25ebfcdf803b,For Loops in Go,https://boot.dev/blog/golang/golang-for-loop/,2021-04-10 00:00:00
d235f11b-d0ab-4842-bb66-292886f4fea9,Advanced Algorithms Course Released on Boot.dev,https://boot.dev/blog/computer-science/advanced-algorithms-course-released/,2021-04-05 00:00:00
a922c3c1-a575-49b8-8602-e900818f5e0f,Naming Variables the Right Way,https://boot.dev/blog/computer-science/naming-variables/,2021-04-01 00:00:00
ba94851e-f50e-44a0-a379-f692a54291b4,"Which is Worth It, Coding Bootcamp or a Computer Science Degree?",https://boot.dev/blog/jobs/is-coding-bootcamp-worth-it/,2021-03-29 00:00:00
7623e17e-ac6c-4e6d-9d80-9bc5b2ff975d,Can You Get a Programming Job with Just an Associate's Degree?,https://boot.dev/blog/jobs/programming-job-with-associates-degree/,2021-03-22 00:00:00
987aca14-42a5-416b-b651-0417fa25e980,How I Organize My Local Development Environment,https://boot.dev/blog/misc/how-i-organize-my-local-development-environment/,2021-03-17 00:00:00
b21284c0-77cc-44d7-a095-860ae64afa0d,All Coding Courses on boot.dev Are Now Free to Audit,https://boot.dev/blog/news/free-coding-courses-audit/,2021-03-15 00:00:00
6102f0a1-dbfd-4ea4-804c-a9ab4d31d138,Where Can You Get a Programming Certificate Online?,https://boot.dev/blog/jobs/where-to-get-a-programming-certificate/,2021-03-14 00:00:00
83637dbd-be75-4108-be97-7709b4a9427d,Using a High-Level RabbitMQ Client in Golang,https://boot.dev/blog/golang/connecting-to-rabbitmq-in-golang-easy/,2021-03-10 00:00:00
5f972774-54fb-4edf-9fd7-c89d3d08be4d,The Two Classes of Software Engineer,https://boot.dev/blog/jobs/the-two-classes-of-software-engineer/,2021-03-05 00:00:00
01c52490-fa04-4d64-9722-d71885052335,Top 8 Benefits of Functional Programming,https://boot.dev/blog/computer-science/benefits-of-functional-programming/,2021-02-25 00:00:00
5659f9c6-afb3-41f5-8479-ed13d6025bc2,Top 8 Tricks to Learn Coding Fast,https://boot.dev/blog/jobs/learn-coding-fast/,2021-02-22 00:00:00
daae122e-8470-4f1d-bc4d-dd606ccb7fa0,Is There a Case for Programmers to Unionize?,https://boot.dev/blog/jobs/is-there-a-case-for-programmers-to-unionize/,2021-02-15 00:00:00
c9f2b8cb-ed7b-4e16-9d09-aa199f0705b9,View Git Tags with Semver Ordering,https://boot.dev/blog/misc/view-git-tags-with-semver-ordering/,2021-02-09 00:00:00
b5278456-4d62-427e-8b9d-087d96a57bfb,Why should you learn Golang? [2026],https://boot.dev/blog/golang/why-learn-golang/,2021-02-08 00:00:00
ea4f3c33-cc23-419f-9e41-321cb9ac2e89,"What Is Dry Code, and Is It Always A Good Thing?",https://boot.dev/blog/computer-science/dry-code/,2021-01-25 00:00:00
26329f3f-9b83-45b5-904b-a6f1adf6139b,The Benefits of Gamified Learning,https://boot.dev/blog/misc/the-benefits-of-gamified-learning/,2021-01-20 00:00:00
e3bfd30c-c99b-4581-9efd-b234fae6f0b3,NLP is Hard Because Even Humans Don't Agree,https://boot.dev/blog/misc/building-an-nlp-engine-is-hard-but-not-as-hard-as-defining-terms/,2021-01-19 00:00:00
64672ebf-6f31-4e7c-9407-3845b4335525,What Is Entropy In Cryptography?,https://boot.dev/blog/computer-science/what-is-entropy-in-cryptography/,2020-09-28 00:00:00
1957693b-d138-403a-846d-8ac08eee4145,The 8 Crucial Mistakes Holding You Back From a Programming Job,https://boot.dev/blog/jobs/reasons-you-cant-get-a-programming-job/,2021-01-18 00:00:00
1e8eee40-eaa8-4080-8ffc-ff979a0eeec5,Writing a Binary Search Tree in Python with Examples,https://boot.dev/blog/computer-science/binary-search-tree-in-python/,2021-01-12 00:00:00
0a3e02bc-08d2-43d2-8be6-09fb5721668d,Building a Linked List in Python with Examples,https://boot.dev/blog/computer-science/building-a-linked-list-in-python-with-examples/,2021-01-11 00:00:00
4760d07f-9c56-4036-9ba4-a47045432880,The Best Ways To Get a Programming Job with No Experience,https://boot.dev/blog/jobs/get-a-programming-job-with-no-experience/,2021-01-06 00:00:00
b7fa3033-f101-4191-a8b3-eca8642d8ba6,The 8 Most Popular Coding Languages of 2026,https://boot.dev/blog/misc/popular-coding-languages-2021/,2021-01-04 00:00:00
75214d13-9fe0-4bed-918f-6e62303f6161,Boot.dev's Refer a Friend Program,https://boot.dev/blog/news/refer-a-friend/,2020-12-29 00:00:00
d39046af-53a8-4e8c-a01e-84404a4d5d96,Converting an Array to a JSON Object in JavaScript,https://boot.dev/blog/javascript/converting-an-array-to-json-object-in-javascript/,2020-12-21 00:00:00
1949915c-e11f-413c-be0b-deb5ed97b0db,Should you Learn Computer Science or Software Engineering?,https://boot.dev/blog/computer-science/computer-science-vs-software-engineering/,2020-12-17 00:00:00
fdc969c3-401a-40cd-acc6-aba4b3761c93,Guide to Getting a Certificate in Computer Science,https://boot.dev/blog/computer-science/guide-to-certificate-in-computer-science/,2020-12-15 00:00:00
be281f3e-6cdb-4e28-a20b-18cdb1857de0,6 Computer Science Resume Examples,https://boot.dev/blog/computer-science/computer-science-resumes/,2020-12-14 00:00:00
bd28bb2d-0e54-4226-9dfc-0c64a2b93f5a,The Highest-Paying Computer Science Jobs,https://boot.dev/blog/computer-science/highest-paying-computer-science-jobs/,2020-12-09 00:00:00
2c1938b0-f356-4908-8ef4-9f4d1574c545,Computer Information Systems vs Computer Science,https://boot.dev/blog/computer-science/should-you-learn-computer-information-systems-or-computer-science/,2020-12-03 00:00:00
323d4089-056b-41df-af63-3276f60a6cb4,The History of Computer Science - A Timeline,https://boot.dev/blog/computer-science/the-history-of-computer-science/,2020-12-03 00:00:00
c0c78301-a711-4071-8543-df84da0a7072,Certificates vs Diplomas in Computer Science,https://boot.dev/blog/computer-science/compsci-certificate-vs-degree/,2020-12-02 00:00:00
482add27-79fb-4345-a583-a727c636ce15,Examples of Heuristics in Computer Science,https://boot.dev/blog/computer-science/examples-of-heuristics-in-computer-science/,2020-11-30 00:00:00
c96ec55d-0fbb-4366-99a4-0ad0079469a7,How to Create a Custom Checkbox Form in Vue,https://boot.dev/blog/vue/how-to-create-a-custom-checkbox-form-in-vue/,2020-11-25 00:00:00
58bbc902-f967-493b-81a4-74749ed1d9a0,How to Make a Custom Slider Component in Vue,https://boot.dev/blog/vue/custom-slider-component-vue/,2020-11-24 00:00:00
e7551a80-932b-48aa-9e5c-7630038c5688,Why Students Struggle Getting a Job After Coding Bootcamp,https://boot.dev/blog/jobs/getting-a-job-after-coding-bootcamp-is-hard/,2020-11-19 00:00:00
ed0f2594-ec83-4a58-8a69-16e461767e8a,Comprehensive Guide to Learn Computer Science Online,https://boot.dev/blog/computer-science/comprehensive-guide-to-learn-computer-science-online/,2020-11-18 00:00:00
d0fd9f08-115e-46c7-a965-3e7f46cac54b,Should You Commit the Vendor Folder in Go?,https://boot.dev/blog/golang/should-you-commit-the-vendor-folder-in-go/,2020-11-16 00:00:00
0dae3619-b424-4636-9cb5-6b463c39ef44,How Long Does It Take To Learn To Code?,https://boot.dev/blog/jobs/how-long-does-it-take-to-learn-to-code/,2020-11-10 00:00:00
84452223-290f-4f30-b06f-356679ee9d05,How Much Do Software Engineers Make?,https://boot.dev/blog/jobs/how-much-do-software-engineers-make/,2020-11-09 00:00:00
255386b1-8ca2-4204-9a69-1f6454f586a2,"JavaScript vs Java - Differences, Similarities, and History",https://boot.dev/blog/javascript/javascript-vs-java/,2020-11-06 00:00:00
c793cf1d-053d-4dd1-b7ad-19900df1f27c,Top Web Development Programming Languages; A Comparison,https://boot.dev/blog/misc/top-web-development-languages/,2020-11-04 00:00:00
77b87f8c-b693-4770-8f74-1bdae7f5c35a,Base64 vs Base58 Encoding,https://boot.dev/blog/computer-science/base64-vs-base58-encoding/,2020-11-03 00:00:00
6955ae95-1f32-4a22-8deb-080cbc889158,Learn Go Fast - Top Courses and Resources,https://boot.dev/blog/golang/learn-go-fast/,2020-11-02 00:00:00
25dc1c8f-34e4-4b3c-9629-f9f0ac3eb616,Best Practices for Commenting Code,https://boot.dev/blog/computer-science/code-comments/,2020-10-29 00:00:00
10542d64-a114-42c7-91db-7615d570108a,How to Restart All Pods in a Kubernetes Namespace,https://boot.dev/blog/devops/how-to-restart-all-pods-in-a-kubernetes-namespace/,2020-10-26 00:00:00
0a2d01fb-a140-4897-b1af-53f6454d686e,The Nuances of Constants in Go; Go Isn't JavaScript,https://boot.dev/blog/golang/constants-in-go-vs-javascript-and-when-to-use-them/,2020-10-22 00:00:00
8142aa99-f4f8-4b3c-8122-e252d03f81f2,6 Things to Avoid When Contributing to Open-Source Projects,https://boot.dev/blog/misc/contributing-to-open-source/,2020-10-21 00:00:00
088ecf2f-fadb-4891-a769-dfbefbdbe2a5,Functional Programming Course Released,https://boot.dev/blog/news/free-functional-programming-course-released-javascript-and-purescript/,2020-10-19 00:00:00
74a14c94-b9ce-4654-9682-0d215baa3398,How To Correctly Validate Passwords - Most Websites Do It Wrong,https://boot.dev/blog/security/how-to-validate-passwords/,2020-10-15 00:00:00
e29ae71e-4046-4172-a49c-9f2ded1e626d,6 Tips for Hiring Developers,https://boot.dev/blog/jobs/how-to-hire-developers/,2020-10-13 00:00:00
e83922bd-2da1-483f-adf9-9ef9ba6431f6,Running Rust in the Browser with Web Assembly,https://boot.dev/blog/rust/rust-in-the-browser/,2020-10-12 00:00:00
10775f3d-d782-4334-8d87-53e3c6009dfc,Top 4 Coding Languages To Learn For Beginners in 2026,https://boot.dev/blog/misc/top-coding-languages-for-beginners/,2020-10-07 00:00:00
3b9e0c79-972c-47b9-a1bf-e20b7ee3cf6a,Education's Shameful State of the Art,https://boot.dev/blog/misc/educations-shameful-state-of-the-art/,2020-10-05 00:00:00
5b7618fa-d048-423e-a64f-60286c67b8d0,How to Structure a Golang Project,https://boot.dev/blog/golang/golang-project-structure/,2020-10-01 00:00:00
deb5310c-e711-4d9b-aa63-a5da1314ba97,How to Make a Simple Vue Custom Select Component,https://boot.dev/blog/vue/custom-select-component-in-vue/,2020-09-25 00:00:00
f89eb182-29c9-48e5-9730-763c3ffb9bed,Running Python in the Browser with Web Assembly,https://boot.dev/blog/python/python-in-the-browser/,2020-09-24 00:00:00
69579fae-112a-47e0-9d81-41f9e1e386a3,Running Go in the Browser with WASM and Web Workers,https://boot.dev/blog/golang/running-go-in-the-browser-wasm-web-workers/,2020-09-23 00:00:00
ba85bc3c-e053-45c2-88ad-3f00c802099c,Practical Patterns for Technical Writing,https://boot.dev/blog/misc/practical-patterns-for-technical-writing/,2020-09-22 00:00:00
1cf2426b-f8a5-42d6-afb5-41bc1bf78d3f,Elliptic Curve Cryptography: A Basic Introduction,https://boot.dev/blog/security/elliptic-curve-cryptography/,2020-09-17 00:00:00
0788054c-6761-4a21-beb7-f965b15afcac,"""Learn Algorithms"" Course Released",https://boot.dev/blog/news/big-o-algorithms-course-released/,2020-09-14 00:00:00
d01d09a6-1983-4dbd-a6a3-408dfe8413f5,Is AES-256 Quantum Resistant?,https://boot.dev/blog/security/is-aes-256-quantum-resistant/,2020-09-10 00:00:00
0e5ad7bd-f4af-4303-8d0e-01544822fba3,How to Make Pure Functions in Golang,https://boot.dev/blog/golang/pure-functions-in-golang/,2020-09-07 00:00:00
3a9e994c-66a1-44aa-90db-f2c562ff9ecc,Guard Clauses - How to Clean up Conditionals,https://boot.dev/blog/computer-science/guard-clauses/,2020-09-06 00:00:00
507ea05e-d684-4288-99c2-39aac87bcec7,Create a Golang Video Streaming Server Using HLS,https://boot.dev/blog/golang/golang-video-stream-server/,2020-09-04 00:00:00
731aef90-6ac6-430a-a033-bd360f6d8d92,Should You Return Empty or Nil Slices in Go?,https://boot.dev/blog/golang/empty-vs-nil-slices-golang/,2020-09-03 00:00:00
3b143dcf-1baa-41af-9b7c-399970dcb907,"Slow Is Smooth, Smooth Is Fast - 25% of Our Time Refactoring",https://boot.dev/blog/computer-science/spend-time-refactoring/,2020-09-01 00:00:00
72229890-2134-43b2-96de-ff768cb88d48,Top 15 Golang Interview Questions [Updated 2026],https://boot.dev/blog/golang/top-golang-interview-questions/,2020-08-31 00:00:00
db80ce4b-a6db-4de5-b68d-814b2e4f339c,Hashing Passwords - Python Cryptography Examples,https://boot.dev/blog/python/hashing-passwords-python-cryptography-examples/,2020-01-29 00:00:00
46f04e5f-94e1-40c9-afb7-d49a160c6961,Creating a Custom Tooltip Component in Vue,https://boot.dev/blog/vue/custom-tooltip-component-in-vue/,2020-08-28 00:00:00
a2c6a037-bcca-479d-aa56-420adcc5a26b,Bcrypt Step by Step,https://boot.dev/blog/security/bcrypt-step-by-step/,2020-08-24 00:00:00
6b740803-5b5c-4065-9e53-23c5db30959f,(Very) Basic Intro to Lattices in Cryptography,https://boot.dev/blog/computer-science/very-basic-intro-to-lattices-in-cryptography/,2020-08-21 00:00:00
ccc6e9b1-136c-457b-a10f-fbff11fa578c,Shamir's Secret Sharing Step-By-Step,https://boot.dev/blog/security/shamirs-secret-sharing/,2020-08-18 00:00:00
f38171c6-c6c5-4e43-a7bf-67a035f66340,They Who Control Encryption,https://boot.dev/blog/security/they-who-control-encryption/,2020-08-12 00:00:00
31902563-ca64-445b-8d9a-8a1abc95a02b,Unexpected Printf Behavior in Go WASM - Nothing Prints,https://boot.dev/blog/golang/unexpected-printf-behavior-in-go-wasm/,2020-08-10 00:00:00
d3814ee2-2718-459d-a87a-5255f43ada84,HMAC and MACs - The Inner Workings of JWTs,https://boot.dev/blog/backend/hmac-and-macs-in-jwts/,2020-08-05 00:00:00
126d5872-6e95-4e44-b14a-32b65c7cc0a2,Your Parent's Internet - How to Mitigate Misinformation,https://boot.dev/blog/misc/online-misinformation-and-censorship/,2020-07-31 00:00:00
08df3a64-cf0f-4696-bf61-d51fd255f8d2,HLS Video Streaming with Node.JS - A Tutorial,https://boot.dev/blog/javascript/hls-video-streaming-node/,2020-07-28 00:00:00
861d47b3-8cbf-48ff-a688-3a0edac0578c,(Very) Basic Intro to PGP (GPG),https://boot.dev/blog/security/very-basic-intro-to-pgp-gpg/,2020-07-27 00:00:00
a38dbe7e-f97a-4f55-b891-fbe139acd5c8,(Very) Basic Intro to the Scrypt Hash,https://boot.dev/blog/security/very-basic-intro-to-the-scrypt-hash/,2020-07-25 00:00:00
15469812-a9b0-4ae7-a5e9-d67ef4a617dd,"Authenticate Users with ""Sign In With Google"" in Golang",https://boot.dev/blog/golang/how-to-implement-sign-in-with-google-in-golang/,2020-07-22 00:00:00
8dad1c07-3a08-4484-a60d-f7577757fa60,How to Create a Custom Toggle Switch Component in Vue.js,https://boot.dev/blog/vue/how-to-create-a-custom-toggle-switch-component-in-vue-js/,2020-07-21 00:00:00
b1ab459e-2fe1-4b85-9192-f7870a18f238,Rust Backend vs Go Backend in Web Development,https://boot.dev/blog/golang/rust-vs-go-in-backend-web-development/,2020-07-17 00:00:00
524ee7c1-93d0-43e8-aba7-13dbaaf0f651,Vue History Mode - Support Legacy Hash URLs,https://boot.dev/blog/vue/vue-history-mode-support-legacy-hash-urls/,2020-07-15 00:00:00
99857f63-6a9d-4ac3-89d0-a045e72e31f8,What is SHA-256?,https://boot.dev/blog/computer-science/how-sha-2-works-step-by-step-sha-256/,2020-07-08 00:00:00
9ef6bb2c-f2f1-4554-93cc-a179c92106a3,How to Rerender a Vue Route When Path Parameters Change,https://boot.dev/blog/vue/how-to-rerender-a-vue-route-when-path-parameters-change/,2020-07-07 00:00:00
880776da-b341-4d3e-b89a-df4be3854e1f,"Announcing a ""Basic Intro to Coding"" Course in JavaScript",https://boot.dev/blog/news/announcing-a-very-basic-intro-to-coding/,2020-07-06 00:00:00
f0d5f9c8-dc9e-4c7b-b415-de6dbd2de7ea,Boot.dev Launches Golang Crash Course - Learn Go,https://boot.dev/blog/news/qvault-classroom-launches-golang-crash-course/,2020-07-02 00:00:00
c8513f0c-f145-4838-9709-e17253e6818f,Running Go in the Browser With Web Assembly (WASM),https://boot.dev/blog/golang/running-go-in-the-browser-with-web-assembly-wasm/,2020-07-01 00:00:00
2c458282-745b-4e89-9aa1-4d4e5ddb7da5,Make Maps and Slices in Golang - A Guide to Initialization,https://boot.dev/blog/golang/golang-make-maps-and-slices/,2020-06-29 00:00:00
80e5d6da-c028-4ae3-a830-e07b63484c13,How to Get Consistent Line Breaks in VS Code (LF vs CRLF),https://boot.dev/blog/misc/line-breaks-vs-code-lf-vs-crlf/,2020-06-18 00:00:00
dedf0a53-44d2-4626-8a97-91f0f9a69b2c,Simple Setup - Vue Linting in VS Code,https://boot.dev/blog/vue/simple-setup-vue-linting-in-vs-code/,2020-06-17 00:00:00
a34dc0ab-1a5f-42ea-9ffe-d1861a01fdf5,Go-CoNLLU - Some Much Needed Machine Learning Support in Go,https://boot.dev/blog/golang/go-conllu-some-much-needed-machine-learning-support-in-go/,2020-06-08 00:00:00
33a6c05b-2f0a-4395-af58-c0fa36b8173c,Go's WaitGroup vs JavaScript's PromiseAll,https://boot.dev/blog/golang/gos-waitgroup-javascripts-promiseall/,2020-06-04 00:00:00
b74efc44-8de8-4db3-897e-79c7575f6d0b,How to Sort a Slice in Go,https://boot.dev/blog/golang/sorting-in-go/,2020-05-27 00:00:00
de474bbc-ea9e-4f47-ae6d-400371fe84a1,Using Concurrent Subscribers With RabbitMQ in Python (pika),https://boot.dev/blog/python/using-concurrent-subscribers-rabbitmq-in-python-pika/,2020-05-26 00:00:00
4f4a37f2-d61a-454a-b201-11017b8bfbe8,Don't Go To Casting Hell - Use Default Native Types in Go,https://boot.dev/blog/golang/default-native-types-golang/,2020-05-21 00:00:00
dfc61ee0-e87a-4209-820e-d6fc56224296,How to Break From Nested Loops in Rust,https://boot.dev/blog/rust/loops-in-rust-breaking-from-nested-loops/,2020-05-14 00:00:00
a9ebffc8-0cbf-436c-a859-42ec29cd6b52,"Variable Shadowing In Rust - ""Let"" Is Immutable But Not Constant",https://boot.dev/blog/rust/variable-shadowing-in-rust/,2020-05-13 00:00:00
bbd8e7b4-f479-48ab-b3bf-20b5a5ffee86,Quantum Programming 101: Backend Monitor,https://boot.dev/blog/misc/quantum-programming-101-backend-monitor/,2020-05-12 00:00:00
3f112f68-7bd7-4a7b-98e0-de8190c2592b,Concurrency In Rust; Can It Stack Up Against Go's Goroutines?,https://boot.dev/blog/rust/concurrency-in-rust-can-it-stack-up-against-gos-goroutines/,2020-05-11 00:00:00
a743143a-e510-4b75-9a4e-95ee2f0222a3,Rust vs Go - Which Is More Popular?,https://boot.dev/blog/golang/rust-vs-go-popularity/,2020-05-06 00:00:00
815fd46e-777b-4cac-baea-800a391c4b9a,Achieving Data Integrity Using Cryptography,https://boot.dev/blog/security/achieving-data-integrity-using-cryptography/,2020-05-04 00:00:00
54a3fac6-2feb-43a5-b79c-d5edda0df61e,Range Over Ticker In Go With Immediate First Tick,https://boot.dev/blog/golang/range-over-ticker-in-go-with-immediate-first-tick/,2020-04-30 00:00:00
741fe79f-b1dc-46db-b031-db6a6f59feec,(Very) Basic Intro To White-Box Cryptography,https://boot.dev/blog/security/very-basic-intro-to-white-box-cryptography/,2020-04-27 00:00:00
806008c2-11e4-4688-bf02-848800ea7d17,Using 'Go Generate' To Deploy Multi-Process Apps,https://boot.dev/blog/golang/using-go-generate-to-deploy-multi-process-apps/,2020-04-22 00:00:00
d9cf4a5b-d161-4f6b-b084-38655362ed40,What Are Golang's Anonymous Structs?,https://boot.dev/blog/golang/anonymous-structs-golang/,2020-04-21 00:00:00
03683d9d-64f5-4757-aedf-23d6513fcd84,Quantum Programming 101: Superdense Coding Tutorial,https://boot.dev/blog/misc/quantum-programming-101-superdense-coding-tutorial/,2020-04-20 00:00:00
bc2c174a-001b-4fe1-bd8d-39161e6bbafb,"Announcing Go-TinyTime, Go-TinyDate's Sister Package",https://boot.dev/blog/golang/announcing-go-tinytime-go-tinydates-sister-package/,2020-04-02 00:00:00
6988d080-75ce-4ccd-9a17-5a43d2062e77,Golang Conversions - Ints To Strings And Strong Typing,https://boot.dev/blog/golang/golang-conversions-ints-to-strings-and-strong-typing/,2020-03-31 00:00:00
c5e80593-3cff-4680-96a9-ac0ab3573852,How To Separate Library Packages in Go,https://boot.dev/blog/golang/how-to-separate-library-packages-in-go/,2020-03-29 00:00:00
0775e2bd-5d78-4c78-a626-08dd5e77a735,"I Wrote Go-TinyDate, The Missing Golang Date Package",https://boot.dev/blog/golang/i-wrote-go-tinydate-the-missing-golang-date-package/,2020-03-23 00:00:00
41b3c84a-76f5-47b3-b4fb-5b210b892a60,How to Use Mutexes in Go,https://boot.dev/blog/golang/golang-mutex/,2020-03-19 00:00:00
da736de7-6252-4d40-a63e-aa6b03f0bdcd,Best Practices for Interfaces in Go,https://boot.dev/blog/golang/golang-interfaces/,2020-03-15 00:00:00
5e32157a-6886-49d3-9e4b-5a0afcd54f72,Wrapping Errors in Go - How to Handle Nested Errors,https://boot.dev/blog/golang/wrapping-errors-in-go-how-to-handle-nested-errors/,2020-03-09 00:00:00
30a7e2ad-b6b3-4d51-bff9-5b137b4fd971,JWT Authentication in Golang,https://boot.dev/blog/golang/jwts-in-golang/,2020-02-20 00:00:00
43d9be08-a9be-4fcd-a7ee-af42ef5c9738,How Do Brute-Force Attackers Know They Found The Key?,https://boot.dev/blog/security/how-do-brute-force-attackers-know-they-found-the-key/,2020-02-11 00:00:00
a0031d44-78a3-4dd6-b7ad-8aefc2faa84c,AES-256 Cipher – Python Cryptography Examples,https://boot.dev/blog/python/aes-256-cipher-python-cryptography-examples/,2020-02-06 00:00:00
95c7487e-df2e-4040-bfde-f2e06a7afe46,Will Banning Cryptography Keep the Country Safe?,https://boot.dev/blog/misc/will-banning-cryptography-keep-the-country-safe/,2020-02-05 00:00:00
e0b1dfbe-471e-42d3-ab61-33ab37c31ad8,How To Cache Images - React Native Expo (Managed),https://boot.dev/blog/javascript/how-to-cache-images-react-native-expo-managed/,2020-02-04 00:00:00
7770ecc7-a9bf-404e-bdbc-955e5c9448ac,Is Open-Source Cryptography Really Secure?,https://boot.dev/blog/security/is-open-source-cryptography-really-secure/,2020-01-30 00:00:00
e25b078a-08ad-4547-9776-5b69bf5c1b65,Why is Exclusive Or (XOR) Important in Cryptography?,https://boot.dev/blog/computer-science/why-xor-in-cryptography/,2020-01-18 00:00:00
58b0b16b-64d5-4a91-b8a2-a50f457dbc8d,JavaScript With Statement Explained – A Deep Dive,https://boot.dev/blog/javascript/javascript-with-statement/,2020-01-15 00:00:00
d23cf7b2-f5df-4d52-b1a6-31a4305c1133,JavaScript Map Function Explained - A Deep Dive,https://boot.dev/blog/javascript/javascript-map-function/,2020-01-12 00:00:00
30bbbfde-7456-41a3-b3ed-16aa2817caf0,"BitBanged SPI in Go, An Explanation",https://boot.dev/blog/golang/bitbanged-spi-in-go-an-explanation/,2020-01-09 00:00:00
3a7e1027-893d-44d0-a4f0-07ff0715e07d,Top 8 Online Crypto Communities,https://boot.dev/blog/misc/best-online-crypto-communities/,2020-01-08 00:00:00
4eb5ff66-8820-4a10-bf5e-c1201c2a681f,Top 6 Golang Logging Best Practices,https://boot.dev/blog/golang/golang-logging-best-practices/,2020-01-07 00:00:00
07209978-fd22-426e-8f53-ecc461dc527b,Cryptography Trends And News Going Into 2020,https://boot.dev/blog/news/cryptography-trends-and-news-going-into-2020/,2020-01-03 00:00:00
29050811-72cf-4b3b-9c54-3df7279ee528,Intro to The AES-256 Cipher,https://boot.dev/blog/security/aes-256-cipher/,2020-01-02 00:00:00
4d923e4e-764d-4698-a231-f3d739491ece,"(Very) Basic Intro to Hash Functions (SHA-256, MD5, etc)",https://boot.dev/blog/computer-science/very-basic-intro-to-hash-functions-sha-256-md-5-etc/,2020-01-01 00:00:00
9b4586de-9c48-4f1b-bb24-a04eba6d6087,Basic Intro to Key Derivation Functions,https://boot.dev/blog/security/key-derivation-functions/,2019-12-30 00:00:00
1cfa855e-983a-45d8-bbd7-4aab9ad0f798,Cryptology vs Cryptography - Definitions and Differences,https://boot.dev/blog/computer-science/cryptology-vs-cryptography/,2019-12-16 00:00:00
c4a8b6be-d242-41bd-b0c0-b372e18ed685,"Boot.dev's Lead Engineer Interviewed on ""Running in Production""",https://boot.dev/blog/news/qvaults-lead-engineer-interviewed-on-running-in-production/,2019-12-09 00:00:00
bd389a0a-8618-4e10-8eca-e245b74805dd,Building Alerts with Percolate Queries in ElasticSearch,https://boot.dev/blog/backend/percolate-queries-elasticsearch/,2019-11-14 00:00:00
ef9d6bc0-7be6-481a-8b3d-435764f239dc,Which Method of Iteration in JavaScript is Fastest?,https://boot.dev/blog/javascript/benchmarking-array-traversal-in-javascript/,2019-11-08 00:00:00
68e635c9-cb2e-4130-a895-66f07ae32551,"Singletons in ES6 - The Good, The Bad, The Ugly",https://boot.dev/blog/javascript/singletons-in-es6-the-good-the-bad-the-ugly/,2019-11-04 00:00:00
0890f898-e5a6-4577-abba-837b51c855cc,"How to Create Constant Maps, Slices, & Arrays in Golang",https://boot.dev/blog/golang/golang-constant-maps-slices/,2019-10-21 00:00:00
b0dd07c3-4539-4565-9eaf-2bbc3547fd0b,Systems and Processes that Aren't in Code are Terrifying,https://boot.dev/blog/devops/systems-and-processes-that-arent-in-code-are-terrifying/,2019-10-03 00:00:00
c2d70f71-4aec-4eb3-b710-e30e90cff659,The Proper Use of Pointers in Go (Golang),https://boot.dev/blog/golang/the-proper-use-of-pointers-in-go-golang/,2019-09-25 00:00:00
7eade5d4-97a2-4549-bd30-d776fb7ae83b,How to Recursively Traverse JSON Objects,https://boot.dev/blog/javascript/how-to-recursively-traverse-objects/,2019-09-22 00:00:00
6de083d2-dc47-460a-89d1-61fb8875023b,How to Secure Your Bitcoin,https://boot.dev/blog/security/how-to-secure-bitcoin/,2019-08-30 00:00:00
cbf3fd64-14d8-49e4-a661-7556a6caf7b5,Security in Dependencies,https://boot.dev/blog/security/security-in-dependencies/,2019-08-21 00:00:00
ffaef231-cdd6-438a-9dc9-cca6750de97c,Encoding vs Encryption - They Aren't the Same,https://boot.dev/blog/computer-science/encoding-vs-encryption/,2019-08-14 00:00:00
aab202e5-f6b7-42cc-995f-f929aaa8cb82,Automatic Cross-Platform Deployments with Electron,https://boot.dev/blog/devops/automatic-cross-platform-deployments-with-electron-on-a-ci-server-travis/,2019-08-08 00:00:00
ace6a6a9-3d35-444f-9d52-251fb331b2d5,Creating and Remembering a Strong Passphrase,https://boot.dev/blog/security/creating-and-remembering-a-strong-passphrase/,2019-08-03 00:00:00
a5c12a7f-41ea-4dc5-898b-ab78936fe778,BIP 32 Watch-Only Wallets,https://boot.dev/blog/security/bip-32-watch-only-wallets/,2019-07-25 00:00:00
20071e62-0855-467d-8c2f-4ddbb64d310c,Trustworthy vs Trustless Apps,https://boot.dev/blog/security/trustworthy-vs-trustless-apps/,2019-07-23 00:00:00
29dca192-e9e2-47b4-949d-f095513fee8d,Secure Random Numbers in Node.js,https://boot.dev/blog/javascript/node-js-random-number/,2019-07-03 00:00:00
